<?xml version="1.0" encoding="UTF-8" ?>
<!-- This is a WordPress eXtended RSS file generated by WordPress as an export of your site. -->
<!-- It contains information about your site's posts, pages, comments, categories, and other content. -->
<!-- You may use this file to transfer that content from one site to another. -->
<!-- This file is not intended to serve as a complete backup of your site. -->

<!-- To import this information into a WordPress site follow these steps: -->
<!-- 1. Log in to that site as an administrator. -->
<!-- 2. Go to Tools: Import in the WordPress admin panel. -->
<!-- 3. Install the "WordPress" importer from the list. -->
<!-- 4. Activate & Run Importer. -->
<!-- 5. Upload this file using the form provided on that page. -->
<!-- 6. You will first be asked to map the authors in this export file to users -->
<!--    on the site. For each author, you may choose to map to an -->
<!--    existing user on the site or to create a new user. -->
<!-- 7. WordPress will then import each of the posts, pages, comments, categories, etc. -->
<!--    contained in this file into your site. -->

<!-- generator="WordPress/4.4.1" created="2016-01-07 13:39" -->
<rss version="2.0"
	xmlns:excerpt="http://wordpress.org/export/1.2/excerpt/"
	xmlns:content="http://purl.org/rss/1.0/modules/content/"
	xmlns:wfw="http://wellformedweb.org/CommentAPI/"
	xmlns:dc="http://purl.org/dc/elements/1.1/"
	xmlns:wp="http://wordpress.org/export/1.2/"
>

<channel>
	<title>OpenLab</title>
	<link>https://openlab.ellak.gr</link>
	<description>Το Open Lab είναι ένας χώρος ανοικτού υλισμικού</description>
	<pubDate>Thu, 07 Jan 2016 13:39:35 +0000</pubDate>
	<language>el</language>
	<wp:wxr_version>1.2</wp:wxr_version>
	<wp:base_site_url>https://openlab.ellak.gr</wp:base_site_url>
	<wp:base_blog_url>https://openlab.ellak.gr</wp:base_blog_url>

	<wp:author><wp:author_id>1</wp:author_id><wp:author_login><![CDATA[root]]></wp:author_login><wp:author_email><![CDATA[axil@eellak.gr]]></wp:author_email><wp:author_display_name><![CDATA[root]]></wp:author_display_name><wp:author_first_name><![CDATA[]]></wp:author_first_name><wp:author_last_name><![CDATA[]]></wp:author_last_name></wp:author>


	<generator>https://wordpress.org/?v=4.4.1</generator>

<image>
	<url>https://openlab.ellak.gr/wp-content/uploads/2015/12/openlab-favicon.png</url>
	<title>OpenLab</title>
	<link>https://openlab.ellak.gr</link>
	<width>32</width>
	<height>32</height>
</image> 

	<item>
		<title>Hello world!</title>
		<link>https://openlab.ellak.gr/?p=1</link>
		<pubDate>Thu, 17 Dec 2015 12:29:00 +0000</pubDate>
		<dc:creator><![CDATA[root]]></dc:creator>
		<guid isPermaLink="false">https://openlab.ellak.gr/?p=1</guid>
		<description></description>
		<content:encoded><![CDATA[Welcome to WordPress. This is your first post. Edit or delete it, then start writing!]]></content:encoded>
		<excerpt:encoded><![CDATA[]]></excerpt:encoded>
		<wp:post_id>1</wp:post_id>
		<wp:post_date><![CDATA[2015-12-17 12:29:00]]></wp:post_date>
		<wp:post_date_gmt><![CDATA[2015-12-17 12:29:00]]></wp:post_date_gmt>
		<wp:comment_status><![CDATA[open]]></wp:comment_status>
		<wp:ping_status><![CDATA[open]]></wp:ping_status>
		<wp:post_name><![CDATA[hello-world]]></wp:post_name>
		<wp:status><![CDATA[trash]]></wp:status>
		<wp:post_parent>0</wp:post_parent>
		<wp:menu_order>0</wp:menu_order>
		<wp:post_type><![CDATA[post]]></wp:post_type>
		<wp:post_password><![CDATA[]]></wp:post_password>
		<wp:is_sticky>0</wp:is_sticky>
		<category domain="category" nicename="uncategorized"><![CDATA[Uncategorized]]></category>
		<wp:postmeta>
			<wp:meta_key><![CDATA[_wp_trash_meta_status]]></wp:meta_key>
			<wp:meta_value><![CDATA[publish]]></wp:meta_value>
		</wp:postmeta>
		<wp:postmeta>
			<wp:meta_key><![CDATA[_wp_trash_meta_time]]></wp:meta_key>
			<wp:meta_value><![CDATA[1452172253]]></wp:meta_value>
		</wp:postmeta>
		<wp:postmeta>
			<wp:meta_key><![CDATA[_wp_trash_meta_comments_status]]></wp:meta_key>
			<wp:meta_value><![CDATA[a:1:{i:1;s:5:"trash";}]]></wp:meta_value>
		</wp:postmeta>
		<wp:comment>
			<wp:comment_id>1</wp:comment_id>
			<wp:comment_author><![CDATA[Mr WordPress]]></wp:comment_author>
			<wp:comment_author_email><![CDATA[]]></wp:comment_author_email>
			<wp:comment_author_url>https://wordpress.org/</wp:comment_author_url>
			<wp:comment_author_IP><![CDATA[]]></wp:comment_author_IP>
			<wp:comment_date><![CDATA[2015-12-17 12:29:00]]></wp:comment_date>
			<wp:comment_date_gmt><![CDATA[2015-12-17 12:29:00]]></wp:comment_date_gmt>
			<wp:comment_content><![CDATA[Hi, this is a comment.
To delete a comment, just log in and view the post&#039;s comments. There you will have the option to edit or delete them.]]></wp:comment_content>
			<wp:comment_approved><![CDATA[post-trashed]]></wp:comment_approved>
			<wp:comment_type><![CDATA[]]></wp:comment_type>
			<wp:comment_parent>0</wp:comment_parent>
			<wp:comment_user_id>0</wp:comment_user_id>
			<wp:commentmeta>
				<wp:meta_key><![CDATA[_wp_trash_meta_status]]></wp:meta_key>
				<wp:meta_value><![CDATA[1]]></wp:meta_value>
			</wp:commentmeta>
			<wp:commentmeta>
				<wp:meta_key><![CDATA[_wp_trash_meta_time]]></wp:meta_key>
				<wp:meta_value><![CDATA[1452002044]]></wp:meta_value>
			</wp:commentmeta>
		</wp:comment>
	</item>
	<item>
		<title>Τίτλος Ανάρτησης 3</title>
		<link>https://openlab.ellak.gr/?p=89</link>
		<pubDate>Mon, 30 Nov 2015 14:44:33 +0000</pubDate>
		<dc:creator><![CDATA[root]]></dc:creator>
		<guid isPermaLink="false">example.com/?p=89</guid>
		<description></description>
		<content:encoded><![CDATA[Lorem ipsum dolor sit amet, consectetur adipiscing elit. Praesent dictum accumsan nisi, ut vestibulum dolor convallis aliquet. Etiam nunc nisl, blandit id enim ut, porttitor convallis urna. Donec maximus urna sit amet hendrerit vehicula. Lorem ipsum dolor sit amet, consectetur adipiscing elit. Maecenas accumsan finibus sem eu sodales. Vestibulum quam quam, posuere vitae turpis vel, ultrices maximus neque. Fusce quis faucibus nisl. Aenean viverra risus ut ante scelerisque lacinia. Pellentesque ac aliquam nisl. Cras at dignissim nunc. In euismod enim tortor, ac mattis ex iaculis nec.

Nam faucibus nunc ut dictum viverra. Sed at tortor urna. Praesent rhoncus urna in aliquam facilisis. Maecenas ac enim fringilla, egestas risus et, pretium quam. Etiam auctor arcu in laoreet scelerisque. Quisque sed nisl mauris. Aenean eu scelerisque velit. Pellentesque habitant morbi tristique senectus et netus et malesuada fames ac turpis egestas. In ac feugiat neque. Nam bibendum fermentum nisi laoreet malesuada. Pellentesque habitant morbi tristique senectus et netus et malesuada fames ac turpis egestas. Sed posuere nisi ac feugiat tincidunt. Duis maximus, nibh vel lobortis faucibus, justo orci tempor mi, ac faucibus arcu mauris vitae magna.

Vestibulum ornare sodales odio, eget interdum nunc laoreet at. Nullam non nisl vel nunc volutpat scelerisque ac in urna. Nulla facilisi. Aliquam erat volutpat. Mauris at pharetra ante. Nunc erat quam, finibus ut cursus et, lobortis at magna. Fusce ullamcorper, nibh non accumsan vestibulum, nibh massa commodo risus, nec commodo elit felis ac justo. Pellentesque quis pretium tellus. Nullam volutpat urna dui, quis consequat turpis tempus id. Suspendisse fringilla mauris eget urna viverra, nec malesuada ante ullamcorper. Cras vulputate aliquet libero eu pulvinar.]]></content:encoded>
		<excerpt:encoded><![CDATA[]]></excerpt:encoded>
		<wp:post_id>89</wp:post_id>
		<wp:post_date><![CDATA[2015-11-30 14:44:33]]></wp:post_date>
		<wp:post_date_gmt><![CDATA[2015-11-30 14:44:33]]></wp:post_date_gmt>
		<wp:comment_status><![CDATA[open]]></wp:comment_status>
		<wp:ping_status><![CDATA[open]]></wp:ping_status>
		<wp:post_name><![CDATA[post1]]></wp:post_name>
		<wp:status><![CDATA[publish]]></wp:status>
		<wp:post_parent>0</wp:post_parent>
		<wp:menu_order>0</wp:menu_order>
		<wp:post_type><![CDATA[post]]></wp:post_type>
		<wp:post_password><![CDATA[]]></wp:post_password>
		<wp:is_sticky>0</wp:is_sticky>
		<category domain="category" nicename="uncategorized"><![CDATA[Uncategorized]]></category>
		<wp:postmeta>
			<wp:meta_key><![CDATA[_edit_last]]></wp:meta_key>
			<wp:meta_value><![CDATA[1]]></wp:meta_value>
		</wp:postmeta>
		<wp:postmeta>
			<wp:meta_key><![CDATA[_wp_old_slug]]></wp:meta_key>
			<wp:meta_value><![CDATA[this-is-the-latest-post-published]]></wp:meta_value>
		</wp:postmeta>
	</item>
	<item>
		<title>Τίτλος Ανάρτησης 2</title>
		<link>https://openlab.ellak.gr/?p=118</link>
		<pubDate>Sun, 06 Dec 2015 21:52:34 +0000</pubDate>
		<dc:creator><![CDATA[root]]></dc:creator>
		<guid isPermaLink="false">http://example.com/?p=118</guid>
		<description></description>
		<content:encoded><![CDATA[Lorem ipsum dolor sit amet, consectetur adipiscing elit. Praesent dictum accumsan nisi, ut vestibulum dolor convallis aliquet. Etiam nunc nisl, blandit id enim ut, porttitor convallis urna. Donec maximus urna sit amet hendrerit vehicula. Lorem ipsum dolor sit amet, consectetur adipiscing elit. Maecenas accumsan finibus sem eu sodales. Vestibulum quam quam, posuere vitae turpis vel, ultrices maximus neque. Fusce quis faucibus nisl. Aenean viverra risus ut ante scelerisque lacinia. Pellentesque ac aliquam nisl. Cras at dignissim nunc. In euismod enim tortor, ac mattis ex iaculis nec.

Nam faucibus nunc ut dictum viverra. Sed at tortor urna. Praesent rhoncus urna in aliquam facilisis. Maecenas ac enim fringilla, egestas risus et, pretium quam. Etiam auctor arcu in laoreet scelerisque. Quisque sed nisl mauris. Aenean eu scelerisque velit. Pellentesque habitant morbi tristique senectus et netus et malesuada fames ac turpis egestas. In ac feugiat neque. Nam bibendum fermentum nisi laoreet malesuada. Pellentesque habitant morbi tristique senectus et netus et malesuada fames ac turpis egestas. Sed posuere nisi ac feugiat tincidunt. Duis maximus, nibh vel lobortis faucibus, justo orci tempor mi, ac faucibus arcu mauris vitae magna.

Vestibulum ornare sodales odio, eget interdum nunc laoreet at. Nullam non nisl vel nunc volutpat scelerisque ac in urna. Nulla facilisi. Aliquam erat volutpat. Mauris at pharetra ante. Nunc erat quam, finibus ut cursus et, lobortis at magna. Fusce ullamcorper, nibh non accumsan vestibulum, nibh massa commodo risus, nec commodo elit felis ac justo. Pellentesque quis pretium tellus. Nullam volutpat urna dui, quis consequat turpis tempus id. Suspendisse fringilla mauris eget urna viverra, nec malesuada ante ullamcorper. Cras vulputate aliquet libero eu pulvinar.]]></content:encoded>
		<excerpt:encoded><![CDATA[]]></excerpt:encoded>
		<wp:post_id>118</wp:post_id>
		<wp:post_date><![CDATA[2015-12-06 23:52:34]]></wp:post_date>
		<wp:post_date_gmt><![CDATA[2015-12-06 21:52:34]]></wp:post_date_gmt>
		<wp:comment_status><![CDATA[open]]></wp:comment_status>
		<wp:ping_status><![CDATA[open]]></wp:ping_status>
		<wp:post_name><![CDATA[post2]]></wp:post_name>
		<wp:status><![CDATA[publish]]></wp:status>
		<wp:post_parent>0</wp:post_parent>
		<wp:menu_order>0</wp:menu_order>
		<wp:post_type><![CDATA[post]]></wp:post_type>
		<wp:post_password><![CDATA[]]></wp:post_password>
		<wp:is_sticky>0</wp:is_sticky>
		<category domain="category" nicename="uncategorized"><![CDATA[Uncategorized]]></category>
		<wp:postmeta>
			<wp:meta_key><![CDATA[_edit_last]]></wp:meta_key>
			<wp:meta_value><![CDATA[1]]></wp:meta_value>
		</wp:postmeta>
		<wp:postmeta>
			<wp:meta_key><![CDATA[_wp_old_slug]]></wp:meta_key>
			<wp:meta_value><![CDATA[this-is-the-latest-post-published]]></wp:meta_value>
		</wp:postmeta>
		<wp:postmeta>
			<wp:meta_key><![CDATA[_dp_original]]></wp:meta_key>
			<wp:meta_value><![CDATA[89]]></wp:meta_value>
		</wp:postmeta>
	</item>
	<item>
		<title>Ανάρτηση με Εικόνα</title>
		<link>https://openlab.ellak.gr/?p=123</link>
		<pubDate>Sun, 06 Dec 2015 21:53:22 +0000</pubDate>
		<dc:creator><![CDATA[root]]></dc:creator>
		<guid isPermaLink="false">http://example.com/?p=123</guid>
		<description></description>
		<content:encoded><![CDATA[Lorem ipsum dolor sit amet, consectetur adipiscing elit. Praesent dictum accumsan nisi, ut vestibulum dolor convallis aliquet. Etiam nunc nisl, blandit id enim ut, porttitor convallis urna. Donec maximus urna sit amet hendrerit vehicula. Lorem ipsum dolor sit amet, consectetur adipiscing elit. Maecenas accumsan finibus sem eu sodales. Vestibulum quam quam, posuere vitae turpis vel, ultrices maximus neque. Fusce quis faucibus nisl. Aenean viverra risus ut ante scelerisque lacinia. Pellentesque ac aliquam nisl. Cras at dignissim nunc. In euismod enim tortor, ac mattis ex iaculis nec.

Nam faucibus nunc ut dictum viverra. Sed at tortor urna. Praesent rhoncus urna in aliquam facilisis. Maecenas ac enim fringilla, egestas risus et, pretium quam. Etiam auctor arcu in laoreet scelerisque. Quisque sed nisl mauris. Aenean eu scelerisque velit. Pellentesque habitant morbi tristique senectus et netus et malesuada fames ac turpis egestas. In ac feugiat neque. Nam bibendum fermentum nisi laoreet malesuada. Pellentesque habitant morbi tristique senectus et netus et malesuada fames ac turpis egestas. Sed posuere nisi ac feugiat tincidunt. Duis maximus, nibh vel lobortis faucibus, justo orci tempor mi, ac faucibus arcu mauris vitae magna.

Vestibulum ornare sodales odio, eget interdum nunc laoreet at. Nullam non nisl vel nunc volutpat scelerisque ac in urna. Nulla facilisi. Aliquam erat volutpat. Mauris at pharetra ante. Nunc erat quam, finibus ut cursus et, lobortis at magna. Fusce ullamcorper, nibh non accumsan vestibulum, nibh massa commodo risus, nec commodo elit felis ac justo. Pellentesque quis pretium tellus. Nullam volutpat urna dui, quis consequat turpis tempus id. Suspendisse fringilla mauris eget urna viverra, nec malesuada ante ullamcorper. Cras vulputate aliquet libero eu pulvinar.]]></content:encoded>
		<excerpt:encoded><![CDATA[]]></excerpt:encoded>
		<wp:post_id>123</wp:post_id>
		<wp:post_date><![CDATA[2015-12-06 23:53:22]]></wp:post_date>
		<wp:post_date_gmt><![CDATA[2015-12-06 21:53:22]]></wp:post_date_gmt>
		<wp:comment_status><![CDATA[open]]></wp:comment_status>
		<wp:ping_status><![CDATA[open]]></wp:ping_status>
		<wp:post_name><![CDATA[post5]]></wp:post_name>
		<wp:status><![CDATA[publish]]></wp:status>
		<wp:post_parent>0</wp:post_parent>
		<wp:menu_order>0</wp:menu_order>
		<wp:post_type><![CDATA[post]]></wp:post_type>
		<wp:post_password><![CDATA[]]></wp:post_password>
		<wp:is_sticky>0</wp:is_sticky>
		<category domain="category" nicename="uncategorized"><![CDATA[Uncategorized]]></category>
		<wp:postmeta>
			<wp:meta_key><![CDATA[_edit_last]]></wp:meta_key>
			<wp:meta_value><![CDATA[1]]></wp:meta_value>
		</wp:postmeta>
		<wp:postmeta>
			<wp:meta_key><![CDATA[_wp_old_slug]]></wp:meta_key>
			<wp:meta_value><![CDATA[this-is-the-latest-post-published]]></wp:meta_value>
		</wp:postmeta>
		<wp:postmeta>
			<wp:meta_key><![CDATA[_wp_old_slug]]></wp:meta_key>
			<wp:meta_value><![CDATA[post3]]></wp:meta_value>
		</wp:postmeta>
		<wp:postmeta>
			<wp:meta_key><![CDATA[_dp_original]]></wp:meta_key>
			<wp:meta_value><![CDATA[120]]></wp:meta_value>
		</wp:postmeta>
		<wp:postmeta>
			<wp:meta_key><![CDATA[_thumbnail_id]]></wp:meta_key>
			<wp:meta_value><![CDATA[189]]></wp:meta_value>
		</wp:postmeta>
	</item>
	<item>
		<title>Τίτλος Ανάρτησης 1</title>
		<link>https://openlab.ellak.gr/?p=151</link>
		<pubDate>Fri, 11 Dec 2015 10:15:16 +0000</pubDate>
		<dc:creator><![CDATA[root]]></dc:creator>
		<guid isPermaLink="false">http://example.com/?p=151</guid>
		<description></description>
		<content:encoded><![CDATA[Lorem ipsum dolor sit amet, consectetur adipiscing elit. Praesent dictum accumsan nisi, ut vestibulum dolor convallis aliquet. Etiam nunc nisl, blandit id enim ut, porttitor convallis urna. Donec maximus urna sit amet hendrerit vehicula. Lorem ipsum dolor sit amet, consectetur adipiscing elit. Maecenas accumsan finibus sem eu sodales. Vestibulum quam quam, posuere vitae turpis vel, ultrices maximus neque. Fusce quis faucibus nisl. Aenean viverra risus ut ante scelerisque lacinia. Pellentesque ac aliquam nisl. Cras at dignissim nunc. In euismod enim tortor, ac mattis ex iaculis nec.

Nam faucibus nunc ut dictum viverra. Sed at tortor urna. Praesent rhoncus urna in aliquam facilisis. Maecenas ac enim fringilla, egestas risus et, pretium quam. Etiam auctor arcu in laoreet scelerisque. Quisque sed nisl mauris. Aenean eu scelerisque velit. Pellentesque habitant morbi tristique senectus et netus et malesuada fames ac turpis egestas. In ac feugiat neque. Nam bibendum fermentum nisi laoreet malesuada. Pellentesque habitant morbi tristique senectus et netus et malesuada fames ac turpis egestas. Sed posuere nisi ac feugiat tincidunt. Duis maximus, nibh vel lobortis faucibus, justo orci tempor mi, ac faucibus arcu mauris vitae magna.

Vestibulum ornare sodales odio, eget interdum nunc laoreet at. Nullam non nisl vel nunc volutpat scelerisque ac in urna. Nulla facilisi. Aliquam erat volutpat. Mauris at pharetra ante. Nunc erat quam, finibus ut cursus et, lobortis at magna. Fusce ullamcorper, nibh non accumsan vestibulum, nibh massa commodo risus, nec commodo elit felis ac justo. Pellentesque quis pretium tellus. Nullam volutpat urna dui, quis consequat turpis tempus id. Suspendisse fringilla mauris eget urna viverra, nec malesuada ante ullamcorper. Cras vulputate aliquet libero eu pulvinar.]]></content:encoded>
		<excerpt:encoded><![CDATA[]]></excerpt:encoded>
		<wp:post_id>151</wp:post_id>
		<wp:post_date><![CDATA[2015-12-11 12:15:16]]></wp:post_date>
		<wp:post_date_gmt><![CDATA[2015-12-11 10:15:16]]></wp:post_date_gmt>
		<wp:comment_status><![CDATA[open]]></wp:comment_status>
		<wp:ping_status><![CDATA[open]]></wp:ping_status>
		<wp:post_name><![CDATA[post5-2]]></wp:post_name>
		<wp:status><![CDATA[publish]]></wp:status>
		<wp:post_parent>0</wp:post_parent>
		<wp:menu_order>0</wp:menu_order>
		<wp:post_type><![CDATA[post]]></wp:post_type>
		<wp:post_password><![CDATA[]]></wp:post_password>
		<wp:is_sticky>0</wp:is_sticky>
		<category domain="category" nicename="uncategorized"><![CDATA[Uncategorized]]></category>
		<wp:postmeta>
			<wp:meta_key><![CDATA[_edit_last]]></wp:meta_key>
			<wp:meta_value><![CDATA[1]]></wp:meta_value>
		</wp:postmeta>
		<wp:postmeta>
			<wp:meta_key><![CDATA[_wp_old_slug]]></wp:meta_key>
			<wp:meta_value><![CDATA[this-is-the-latest-post-published]]></wp:meta_value>
		</wp:postmeta>
		<wp:postmeta>
			<wp:meta_key><![CDATA[_dp_original]]></wp:meta_key>
			<wp:meta_value><![CDATA[89]]></wp:meta_value>
		</wp:postmeta>
	</item>
</channel>
</rss>
